"","year","locality","average_price_m2_nominal_euros"
"1","2012","Wiltz","2287.2890000000002"
"2","2010","Wiltz","2308.7600000000002"
"3","2011","Wiltz","2357.5725546045064"
"4","2014","Wiltz","2394.130149905161"
"5","2013","Wiltz","2414.6154645097599"
"6","2010","Troisvierges","2434.71"
"7","2012","Lac de la Haute-Sûre","2445.9270000000001"
"8","2011","Weiswampach","2463.0611080826152"
"9","2011","Heinerscheid","2463.6340773487973"
"10","2010","Weiswampach","2466.0100000000002"
"11","2010","Tandel","2474.33"
"12","2010","Wincrange","2478.75"
"13","2010","Wahl","2484.89"
"14","2011","Tandel","2487.0409741235508"
"15","2012","Rumelange","2512.2460000000001"
"16","2011","Eschweiler","2521.5207181380156"
"17","2012","Kiischpelt","2527.8829999999998"
"18","2011","Troisvierges","2528.5347831145918"
"19","2012","Eschweiler","2529.7620000000002"
"20","2014","Boulaide","2538.8780567630001"
"21","2012","Reisdorf","2543.0749999999998"
"22","2013","Eschweiler","2550.74375087615"
"23","2010","Larochette","2555.08"
"24","2011","Wincrange","2563.0351878026495"
"25","2010","Munshausen","2576.96"
"26","2010","Hosingen","2589.35"
"27","2011","Munshausen","2597.4022177472075"
"28","2010","Goesdorf","2618.2199999999998"
"29","2010","Medernach","2619.54"
"30","2015","Boulaide","2620.29843801078"
"31","2010","Eschweiler","2621.53"
"32","2013","Lac de la Haute-Sûre","2628.0351168861398"
"33","2014","Kiischpelt","2635.2584329250981"
"34","2011","Wellenstein","2639.8413692352729"
"35","2012","Wincrange","2640.3130000000001"
"36","2014","Eschweiler","2643.7661221625776"
"37","2010","Heinerscheid","2646.91"
"38","2013","Tandel","2649.9782498065401"
"39","2013","Troisvierges","2657.1174712187499"
"40","2015","Wiltz","2660.7611108300498"
"41","2015","Goesdorf","2669.9762784131999"
"42","2013","Winseler","2671.6799336648101"
"43","2014","Lac de la Haute-Sûre","2676.184855437486"
"44","2011","Lac de la Haute-Sûre","2681.7321652630385"
"45","2010","Wellenstein","2683.12"
"46","2012","Winseler","2686.02"
"47","2013","Kiischpelt","2689.72095471288"
"48","2013","Rosport","2690.7895897307599"
"49","2014","Mompach","2690.8995863201962"
"50","2011","Rumelange","2691.0327276076846"
"51","2010","Reisdorf","2696.54"
"52","2010","Rosport","2699.78"
"53","2014","Winseler","2707.7329612335484"
"54","2014","Wincrange","2707.8835847855839"
"55","2014","Troisvierges","2710.2789470655766"
"56","2010","Rambrouch","2714.45"
"57","2016","Wincrange","2716.2339704652218"
"58","2013","Goesdorf","2717.7490762662101"
"59","2010","Clervaux","2736.26"
"60","2015","Lac de la Haute-Sûre","2736.9486988390299"
"61","2014","Tandel","2738.0393475492065"
"62","2013","Mompach","2739.4988065398202"
"63","2011","Clervaux","2742.5628285869811"
"64","2013","Boulaide","2756.4413833369599"
"65","2015","Troisvierges","2756.7054995937901"
"66","2011","Goesdorf","2757.1968255731745"
"67","2010","Kiischpelt","2758.9"
"68","2013","Wincrange","2760.9728410236698"
"69","2011","Rambrouch","2768.8802468623562"
"70","2016","Remich","2769.3030542998749"
"71","2014","Rumelange","2770.7125313656657"
"72","2012","Weiswampach","2774.6080000000002"
"73","2013","Rumelange","2776.4408748195901"
"74","2010","Pétange","2777.93"
"75","2012","Rosport","2778.422"
"76","2011","Heiderscheid","2781.2508550150974"
"77","2010","Rumelange","2784.13"
"78","2011","Larochette","2787.1529256863491"
"79","2012","Boulaide","2790.4630000000002"
"80","2012","Petange","2790.5120000000002"
"81","2011","Bous","2794.7643055120857"
"82","2012","Clervaux","2795.4989999999998"
"83","2010","Mompach","2802.29"
"84","2011","Hosingen","2802.7829061445491"
"85","2011","Rosport","2802.9276150871224"
"86","2011","Wahl","2803.4079501999008"
"87","2011","Pétange","2806.1779869155444"
"88","2011","Hoscheid","2808.0885958920244"
"89","2010","Bourscheid","2816"
"90","2010","Differdange","2816.26"
"91","2010","Winseler","2818.02"
"92","2011","Boulaide","2828.6653594699833"
"93","2010","Lac de la Haute-Sûre","2828.74"
"94","2013","Weiswampach","2829.7879527274899"
"95","2014","Goesdorf","2831.2035151355512"
"96","2016","Troisvierges","2831.5037816361541"
"97","2012","Beaufort","2836.1030000000001"
"98","2012","Troisvierges","2838.74"
"99","2012","Parc Hosingen","2844"
"100","2012","Goesdorf","2844.6239999999998"
"101","2011","Winseler","2856.8296565428627"
"102","2012","Differdange","2857.0259999999998"
"103","2010","Beckerich","2867.88"
"104","2017","Wiltz","2868.3410819999999"
"105","2014","Larochette","2871.485464227268"
"106","2013","Parc Hosingen","2874.2865414449898"
"107","2014","Vianden","2874.9198794217264"
"108","2014","Weiswampach","2875.189301953968"
"109","2012","Mertert","2885.0740000000001"
"110","2015","Wincrange","2885.7066573754801"
"111","2010","Stadtbredimus","2886.59"
"112","2011","Vianden","2887.8292157794449"
"113","2010","Heffingen","2890.24"
"114","2012","Rambrouch","2893.0709999999999"
"115","2011","Reisdorf","2896.5867530701235"
"116","2015","Larochette","2898.0373028454801"
"117","2010","Diekirch","2899.34"
"118","2011","Septfontaines","2899.6455602883793"
"119","2010","Beaufort","2902.76"
"120","2015","Remich","2902.8632878286098"
"121","2011","Beaufort","2905.4311874303062"
"122","2013","Esch-sur-Sûre","2905.93911976355"
"123","2017","Boulaide","2906.2539769999998"
"124","2015","Esch-sur-Sûre","2906.8078723455101"
"125","2013","Differdange","2907.4974849913201"
"126","2013","Clervaux","2907.82337391488"
"127","2011","Useldange","2911.6900958527126"
"128","2014","Rosport","2913.8298925965896"
"129","2011","Differdange","2917.4443837985882"
"130","2011","Berdorf","2919.0292828238971"
"131","2016","Lac de la Haute-Sûre","2921.7153104779727"
"132","2011","Préizerdaul","2926.7764827311316"
"133","2012","Tandel","2927.7150000000001"
"134","2010","Wormeldange","2929.99"
"135","2015","Rambrouch","2931.30986272672"
"136","2012","Useldange","2933.4319999999998"
"137","2018","Wiltz","2935.67"
"138","2017","Wincrange","2936.7433700000001"
"139","2018","Boulaide","2938.56"
"140","2014","Remich","2938.5814403129807"
"141","2010","Putscheid","2939.04"
"142","2010","Boulaide","2943.82"
"143","2013","Rambrouch","2946.1178337565202"
"144","2013","Petange","2947.58027572435"
"145","2010","Kayl","2948.56"
"146","2010","Remich","2949"
"147","2014","Parc Hosingen","2952.2857354121852"
"148","2010","Esch-sur-Alzette","2953.48"
"149","2016","Boulaide","2963.7705993499176"
"150","2014","Esch-sur-Sûre","2964.9272144490956"
"151","2010","Mertzig","2967.37"
"152","2010","Grosbous","2970.34"
"153","2016","Wiltz","2971.7558315675751"
"154","2013","Remich","2971.7992196730002"
"155","2012","Esch-sur-Alzette","2973.8270000000002"
"156","2010","Septfontaines","2974.03"
"157","2013","Bettendorf","2974.8343481933898"
"158","2014","Differdange","2976.8997380914216"
"159","2013","Putscheid","2979.2019687580901"
"160","2011","Kiischpelt","2982.9279401289823"
"161","2014","Clervaux","2983.3233894901091"
"162","2010","Schifflange","2989.49"
"163","2011","Schifflange","2997.4341344012096"
"164","2010","Ettelbruck","3002.54"
"165","2012","Larochette","3005.529"
"166","2011","Diekirch","3008.936651817748"
"167","2013","Bourscheid","3010.3943552544902"
"168","2011","Neunhausen","3011.0386092725921"
"169","2012","Feulen","3012.2049999999999"
"170","2012","Schifflange","3015.0039999999999"
"171","2010","Schengen","3019.56"
"172","2014","Rambrouch","3021.4787562442889"
"173","2017","Remich","3021.8056980000001"
"174","2010","Neunhausen","3024.47"
"175","2012","Ell","3025.9029999999998"
"176","2013","Feulen","3029.28443335561"
"177","2017","Clervaux","3030.7730139999999"
"178","2010","Boevange-sur-Attert","3031.3"
"179","2012","Esch-sur-Sûre","3032.6759999999999"
"180","2010","Biwer","3033.23"
"181","2017","Vianden","3034.0933650000002"
"182","2012","Kayl","3034.1280000000002"
"183","2019","Rambrouch","3037.2310000000002"
"184","2012","Bettendorf","3044.694"
"185","2011","Mertzig","3049.2528130332194"
"186","2010","Useldange","3049.99"
"187","2012","Préizerdaul","3050.4830000000002"
"188","2010","Hobscheid","3051.88"
"189","2012","Bous","3053.4110000000001"
"190","2014","Beaufort","3053.4811761060701"
"191","2013","Kayl","3054.7891253241901"
"192","2010","Berdorf","3055.99"
"193","2011","Esch-sur-Alzette","3056.6536059942755"
"194","2017","Goesdorf","3059.8743439999998"
"195","2011","Feulen","3060.7568549471057"
"196","2012","Mompach","3063.4879999999998"
"197","2015","Differdange","3068.6267970901599"
"198","2010","Lenningen","3068.77"
"199","2013","Esch-sur-Alzette","3072.24413168722"
"200","2010","Grevenmacher","3074"
"201","2016","Vianden","3078.7874809347791"
"202","2014","Diekirch","3082.8783284390038"
"203","2010","Feulen","3087.17"
"204","2010","Vichten","3088.75"
"205","2013","Beaufort","3090.73266239436"
"206","2010","Ell","3090.8"
"207","2014","Bettendorf","3092.3696713160875"
"208","2013","Mertert","3092.8291681159999"
"209","2010","Dudelange","3095.67"
"210","2010","Vianden","3095.91"
"211","2014","Petange","3097.6418786046079"
"212","2018","Berdorf","3103.6170000000002"
"213","2011","Stadtbredimus","3105.3266211663777"
"214","2011","Medernach","3105.3501035347335"
"215","2015","Clervaux","3110.7332443508699"
"216","2017","Lac de la Haute-Sûre","3111.0281610000002"
"217","2016","Kiischpelt","3111.7921506106404"
"218","2010","Waldbillig","3112.11"
"219","2010","Koerich","3112.92"
"220","2013","Schifflange","3113.4342088437402"
"221","2016","Goesdorf","3114.6829422410569"
"222","2012","Waldbillig","3115.0160000000001"
"223","2012","Vallée de l'Ernz","3116.596"
"224","2011","Ell","3116.9880924168665"
"225","2013","Useldange","3117.2412625920801"
"226","2010","Tuntange","3118.44"
"227","2011","Colmar-Berg","3124.6654438968562"
"228","2010","Sanem","3128.45"
"229","2012","Tuntange","3131.8229999999999"
"230","2014","Esch-sur-Alzette","3132.7004398299564"
"231","2012","Redange-sur-Attert","3132.9"
"232","2013","Vallée de l'Ernz","3134.0425540316201"
"233","2010","Manternach","3134.95"
"234","2011","Mertert","3136.1710656229566"
"235","2017","Kiischpelt","3142.0829060000001"
"236","2010","Redange-sur-Attert","3143.18"
"237","2014","Kayl","3143.3011164325694"
"238","2014","Beckerich","3144.501380405216"
"239","2010","Waldbredimus","3145.27"
"240","2018","Wincrange","3146.32"
"241","2015","Rumelange","3146.7982019742599"
"242","2011","Wormeldange","3148.3039180907563"
"243","2012","Bourscheid","3148.6"
"244","2013","Vianden","3151.41107094772"
"245","2014","Mertert","3151.8957232515322"
"246","2011","Heffingen","3152.699288915328"
"247","2011","Kayl","3155.2417905338843"
"248","2010","Préizerdaul","3160.04"
"249","2011","Beckerich","3160.9596263158242"
"250","2011","Boevange-sur-Attert","3162.9493822887439"
"251","2010","Bous","3164.58"
"252","2012","Wahl","3165.0419999999999"
"253","2011","Hobscheid","3165.6791492801099"
"254","2016","Wormeldange","3166.9580063960134"
"255","2012","Ettelbruck","3166.9690000000001"
"256","2012","Vianden","3173.1529999999998"
"257","2010","Flaxweiler","3173.61"
"258","2011","Ettelbruck","3176.6724378997692"
"259","2013","Larochette","3180.1989492380399"
"260","2012","Colmar-Berg","3181.71"
"261","2011","Grosbous","3183.7356683473063"
"262","2016","Clervaux","3185.3214505998899"
"263","2014","Manternach","3187.0506975049975"
"264","2013","Diekirch","3188.63344408374"
"265","2018","Troisvierges","3196.9760000000001"
"266","2015","Schifflange","3198.0624616160098"
"267","2010","Mertert","3199.92"
"268","2017","Troisvierges","3199.9737110000001"
"269","2011","Waldbillig","3200.3161632365459"
"270","2011","Dudelange","3201.953476351991"
"271","2013","Ell","3205.6184245284398"
"272","2011","Bettendorf","3208.398334615209"
"273","2012","Berdorf","3212.7759999999998"
"274","2011","Sanem","3219.2815902651587"
"275","2019","Lac de la Haute-Sûre","3221.5149999999999"
"276","2014","Schifflange","3229.4392999174388"
"277","2014","Feulen","3234.1515323533231"
"278","2010","Bettendorf","3235.26"
"279","2011","Remich","3236.2716985572997"
"280","2012","Remich","3244.018"
"281","2018","Bettendorf","3246.7820000000002"
"282","2012","Dalheim","3249.739"
"283","2010","Moyenne nationale","3251"
"284","2012","Grosbous","3251.6840000000002"
"285","2010","Burmerange","3254.97"
"286","2010","Ermsdorf","3261.34"
"287","2011","Ermsdorf","3261.4819374346134"
"288","2013","Lintgen","3261.9803716838901"
"289","2011","Consdorf","3262.5256593413087"
"290","2016","Bettendorf","3263.1016918754067"
"291","2016","Beaufort","3266.077874265703"
"292","2015","Petange","3267.5904541762902"
"293","2010","Dalheim","3269.23"
"294","2010","Colmar-Berg","3269.3"
"295","2011","Tuntange","3272.271072500851"
"296","2015","Beaufort","3272.5974798795801"
"297","2016","Weiswampach","3275.1115430363056"
"298","2012","Sanem","3275.5189999999998"
"299","2018","Parc Hosingen","3277.056"
"300","2016","Rosport","3278.9541590799913"
"301","2010","Bech","3280.51"
"302","2015","Consdorf","3280.5483486959502"
"303","2011","Redange-sur-Attert","3281.5594993890636"
"304","2012","Bissen","3282.375"
"305","2012","Consdorf","3283.0630000000001"
"306","2019","Kiischpelt","3285.596"
"307","2012","Dudelange","3288.8690000000001"
"308","2010","Nommern","3290.24"
"309","2013","Waldbillig","3295.7414866328199"
"310","2013","Manternach","3296.8484713902299"
"311","2015","Esch-sur-Alzette","3301.6967103372199"
"312","2014","Consdorf","3301.829162985297"
"313","2015","Useldange","3303.89271713776"
"314","2018","Esch-sur-Sûre","3305.6619999999998"
"315","2013","Dudelange","3308.7994353705299"
"316","2014","Redange-sur-Attert","3309.5345085882391"
"317","2014","Saeul","3309.9244069754327"
"318","2014","Useldange","3314.1761753144651"
"319","2019","Wiltz","3315.9549999999999"
"320","2011","Grevenmacher","3316.7864454455807"
"321","2015","Kayl","3318.57427744394"
"322","2014","Grosbous","3320.5371775549238"
"323","2010","Clémency","3321.14"
"324","2010","Bissen","3321.65"
"325","2011","Bissen","3321.7032668331121"
"326","2013","Grosbous","3322.7468843878"
"327","2012","Heffingen","3324.328"
"328","2017","Flaxweiler","3328.2272739999999"
"329","2017","Esch-sur-Sûre","3332.1061840000002"
"330","2012","Wormeldange","3333.8040000000001"
"331","2011","Dalheim","3334.5825498527834"
"332","2015","Reisdorf","3335.9393147825299"
"333","2014","Bissen","3336.5853111355791"
"334","2011","Koerich","3338.2919118436116"
"335","2012","Grevenmacher","3341.1979999999999"
"336","2010","Betzdorf","3343.05"
"337","2010","Bettembourg","3343.22"
"338","2013","Tuntange","3345.94863452242"
"339","2012","Manternach","3350.7890000000002"
"340","2015","Grevenmacher","3351.11588358074"
"341","2014","Dudelange","3351.4355839977889"
"342","2017","Wahl","3351.5223209999999"
"343","2015","Kiischpelt","3354.18058701767"
"344","2016","Rambrouch","3357.1071588614077"
"345","2012","Schengen","3359.6280000000002"
"346","2011","Bourscheid","3361.1572042490156"
"347","2016","Grevenmacher","3362.737917653913"
"348","2013","Redange-sur-Attert","3364.4416894317701"
"349","2019","Wincrange","3365.3519999999999"
"350","2015","Dalheim","3367.7831720613399"
"351","2014","Grevenmacher","3368.9161584322528"
"352","2011","Manternach","3369.3689189923866"
"353","2016","Rumelange","3369.7403642498043"
"354","2015","Vallée de l'Ernz","3369.91374205279"
"355","2011","Moyenne nationale","3375.0889778341648"
"356","2010","Fischbach","3377.71"
"357","2011","Steinfort","3379.6942004587722"
"358","2013","Boevange-sur-Attert","3382.8231371317002"
"359","2014","Waldbillig","3383.5688537303886"
"360","2011","Mompach","3387.1753285863292"
"361","2011","Vichten","3387.398575002228"
"362","2013","Schengen","3387.4756388350702"
"363","2016","Petange","3387.5201177104182"
"364","2015","Rosport","3388.6675650522898"
"365","2013","Wormeldange","3392.8240847991201"
"366","2015","Bettendorf","3393.6938364467001"
"367","2014","Wormeldange","3394.2817187262399"
"368","2014","Colmar-Berg","3395.0261495696977"
"369","2011","Burmerange","3397.8426893074652"
"370","2017","Rumelange","3397.9184690000002"
"371","2018","Lac de la Haute-Sûre","3398.6179999999999"
"372","2013","Grevenmacher","3398.8752146299898"
"373","2018","Echternach","3399.0439999999999"
"374","2010","Steinfort","3400.82"
"375","2015","Mondorf-les-Bains","3402.48908954837"
"376","2010","Mondercange","3405.09"
"377","2015","Diekirch","3406.6736556251999"
"378","2012","Moyenne nationale","3408.7117317609382"
"379","2018","Goesdorf","3411.9760000000001"
"380","2016","Diekirch","3414.7627177844874"
"381","2011","Flaxweiler","3415.4305540362852"
"382","2012","Stadtbredimus","3415.962"
"383","2014","Vallée de l'Ernz","3416.3779894037812"
"384","2016","Differdange","3416.7243289580947"
"385","2010","Mersch","3417.97"
"386","2013","Ettelbruck","3419.4402334676702"
"387","2010","Consdorf","3419.92"
"388","2011","Lintgen","3424.2369334668447"
"389","2013","Schieren","3424.5716762686998"
"390","2011","Clémency","3438.5568824379834"
"391","2012","Diekirch","3441.2379999999998"
"392","2014","Heffingen","3443.5950089382204"
"393","2012","Betzdorf","3451.8690000000001"
"394","2016","Useldange","3451.8734234857452"
"395","2013","Berdorf","3454.7161489281598"
"396","2010","Erpeldange","3455.27"
"397","2013","Consdorf","3456.88824622433"
"398","2014","Tuntange","3458.0376840218237"
"399","2017","Parc Hosingen","3463.0227289999998"
"400","2011","Bech","3463.1098983376228"
"401","2011","Biwer","3463.2481254133045"
"402","2010","Lintgen","3464.7"
"403","2011","Betzdorf","3466.9926553680275"
"404","2012","Lenningen","3468.9479999999999"
"405","2010","Junglinster","3469.25"
"406","2014","Nommern","3470.8367081487904"
"407","2015","Koerich","3471.42663098614"
"408","2016","Esch-sur-Sûre","3471.8111531040836"
"409","2016","Berdorf","3473.1476670956208"
"410","2014","Waldbredimus","3475.460929732757"
"411","2012","Lintgen","3476.6570000000002"
"412","2015","Redange-sur-Attert","3486.15537301941"
"413","2013","Dalheim","3489.6369268141898"
"414","2016","Vallée de l'Ernz","3492.547362500176"
"415","2014","Schengen","3495.9623380605735"
"416","2018","Remich","3501.7689999999998"
"417","2018","Mondorf-les-Bains","3506.1019999999999"
"418","2015","Stadtbredimus","3506.2103462894001"
"419","2016","Esch-sur-Alzette","3510.2260989675196"
"420","2014","Hobscheid","3511.5241364510798"
"421","2018","Bourscheid","3514.223"
"422","2017","Beaufort","3515.4655969999999"
"423","2013","Sanem","3517.3631895683102"
"424","2017","Esch-sur-Alzette","3520.794144"
"425","2020","Lac de la Haute-Sûre","3521.4459999999999"
"426","2016","Wahl","3523.023943294661"
"427","2016","Feulen","3524.0309493403138"
"428","2014","Sanem","3526.1741427441229"
"429","2013","Bous","3526.2864330873199"
"430","2011","Erpeldange","3527.6216951633864"
"431","2017","Weiswampach","3527.697557"
"432","2011","Nommern","3528.1970536586191"
"433","2011","Bettembourg","3529.8813547144318"
"434","2013","Steinfort","3530.7163400534"
"435","2010","Echternach","3531.5"
"436","2014","Ell","3532.1443655899629"
"437","2014","Schieren","3535.6428503784905"
"438","2011","Schengen","3537.2221155240654"
"439","2015","Wormeldange","3539.6512002698501"
"440","2012","Schieren","3540.25"
"441","2013","Heffingen","3540.9670757736699"
"442","2017","Vallée de l'Ernz","3545.029513"
"443","2020","Wiltz","3545.3049999999998"
"444","2014","Boevange-sur-Attert","3547.615953289634"
"445","2014","Stadtbredimus","3548.6974996459462"
"446","2010","Weiler-la-Tour","3549.15"
"447","2018","Vianden","3550.277"
"448","2012","Hobscheid","3551.9549999999999"
"449","2014","Mondorf-les-Bains","3553.0695651474862"
"450","2010","Frisange","3555.59"
"451","2013","Mertzig","3559.7642650544899"
"452","2017","Diekirch","3563.0564420000001"
"453","2013","Waldbredimus","3564.9231544018799"
"454","2011","Lorentzweiler","3565.2214377736163"
"455","2017","Grevenmacher","3565.790156"
"456","2013","Hobscheid","3570.8224926008402"
"457","2012","Mondorf-les-Bains","3571.26"
"458","2013","Lorentzweiler","3571.35522378017"
"459","2018","Rambrouch","3576.4679999999998"
"460","2015","Schengen","3576.5731142068898"
"461","2018","Clervaux","3576.61"
"462","2012","Garnich","3578.2579999999998"
"463","2017","Berdorf","3581.3807579999998"
"464","2011","Fischbach","3584.6080787177066"
"465","2012","Mertzig","3585.5659999999998"
"466","2017","Grosbous","3587.2521470000002"
"467","2015","Dudelange","3588.00215464024"
"468","2020","Rambrouch","3588.4490000000001"
"469","2014","Vichten","3589.0549779133544"
"470","2013","Moyenne nationale","3589.7901083257543"
"471","2017","Mertzig","3591.0299500000001"
"472","2015","Wahl","3596.4486939767398"
"473","2010","Sandweiler","3596.66"
"474","2012","Koerich","3597.5610000000001"
"475","2015","Saeul","3599.6646978927301"
"476","2017","Rosport","3601.3191019999999"
"477","2013","Beckerich","3602.22103297682"
"478","2017","Kayl","3602.983248"
"479","2010","Bascharage","3603.57"
"480","2019","Boulaide","3604.4389999999999"
"481","2013","Bissen","3605.0345544974002"
"482","2015","Vianden","3605.3263065929"
"483","2012","Flaxweiler","3605.4949999999999"
"484","2010","Roeser","3607.38"
"485","2017","Larochette","3608.6403789999999"
"486","2015","Parc Hosingen","3610.0128211506899"
"487","2011","Echternach","3610.4099621475211"
"488","2016","Mondorf-les-Bains","3611.3564398689696"
"489","2011","Junglinster","3613.5363800656451"
"490","2011","Lenningen","3618.3546519959655"
"491","2014","Dalheim","3619.2793821262785"
"492","2013","Koerich","3619.7156500741999"
"493","2015","Boevange-sur-Attert","3621.6319214509599"
"494","2015","Manternach","3625.5271831762002"
"495","2010","Lorentzweiler","3629.33"
"496","2012","Boevange-sur-Attert","3629.6489999999999"
"497","2012","Vichten","3632.8629999999998"
"498","2011","Bascharage","3634.542351803485"
"499","2013","Flaxweiler","3635.1101618579801"
"500","2017","Petange","3635.6088060000002"
"501","2017","Saeul","3636.5830230000001"
"502","2013","Bettembourg","3636.7339161556602"
"503","2015","Septfontaines","3642.65844156199"
"504","2013","Stadtbredimus","3643.67263555615"
"505","2011","Roeser","3643.7832466718037"
"506","2012","Lorentzweiler","3643.931"
"507","2014","Steinfort","3644.4683261371501"
"508","2014","Moyenne nationale","3647.1236081558709"
"509","2017","Rambrouch","3648.0709280000001"
"510","2016","Schifflange","3648.8623533431428"
"511","2017","Differdange","3651.5433779999998"
"512","2010","Kehlen","3653.84"
"513","2012","Bettembourg","3657.1790000000001"
"514","2012","Roeser","3659.7420000000002"
"515","2018","Grosbous","3668.4209999999998"
"516","2019","Schengen","3674.03"
"517","2014","Bettembourg","3679.3992753688467"
"518","2017","Echternach","3680.600015"
"519","2016","Kayl","3681.8713399304638"
"520","2017","Feulen","3682.2741970000002"
"521","2017","Bettendorf","3683.05629"
"522","2011","Leudelange","3683.2203409321178"
"523","2013","Mondorf-les-Bains","3684.7325639799201"
"524","2017","Heffingen","3687.3316989999998"
"525","2016","Schengen","3689.6809494837084"
"526","2010","Garnich","3690.83"
"527","2012","Mersch","3692.6329999999998"
"528","2019","Berdorf","3694.5"
"529","2010","Schieren","3698.8"
"530","2010","Mamer","3699.21"
"531","2018","Useldange","3700.7429999999999"
"532","2016","Echternach","3705.1858592111048"
"533","2017","Useldange","3713.027955"
"534","2017","Bourscheid","3714.2434880000001"
"535","2016","Redange-sur-Attert","3714.4205053168412"
"536","2019","Stadtbredimus","3715.0790000000002"
"537","2011","Weiler-la-Tour","3715.2654268098872"
"538","2018","Petange","3715.3090000000002"
"539","2015","Berdorf","3716.0147385806499"
"540","2014","Ettelbruck","3716.4345290142542"
"541","2015","Sanem","3717.1866791378402"
"542","2011","Mersch","3718.4183330062292"
"543","2012","Steinfort","3720.0889999999999"
"544","2017","Hobscheid","3720.1486949999999"
"545","2010","Leudelange","3728.1"
"546","2019","Esch-sur-Sûre","3729.6979999999999"
"547","2013","Mersch","3730.7189210200199"
"548","2017","Préizerdaul","3737.2155539999999"
"549","2013","Fischbach","3739.3905521997399"
"550","2018","Weiswampach","3740.6329999999998"
"551","2011","Garnich","3742.8314600901854"
"552","2018","Reisdorf","3743.5059999999999"
"553","2011","Mondorf-les-Bains","3743.7967183612914"
"554","2015","Ettelbruck","3744.03924567791"
"555","2012","Biwer","3751.8760000000002"
"556","2012","Erpeldange","3754.65"
"557","2015","Grosbous","3755.6390171989201"
"558","2019","Goesdorf","3758.36"
"559","2019","Parc Hosingen","3759.7069999999999"
"560","2018","Rumelange","3766.96"
"561","2015","Mertert","3767.0531767358798"
"562","2018","Stadtbredimus","3768.058"
"563","2011","Frisange","3769.1827996501565"
"564","2013","Mondercange","3769.5237759587499"
"565","2014","Lorentzweiler","3774.4723154544818"
"566","2017","Redange-sur-Attert","3775.782189"
"567","2013","Nommern","3775.8294305632899"
"568","2010","Hesperange","3776.49"
"569","2017","Schengen","3777.2717510000002"
"570","2016","Saeul","3780.0429164367274"
"571","2015","Biwer","3785.9442240041999"
"572","2017","Schifflange","3786.4022850000001"
"573","2019","Préizerdaul","3792.4369999999999"
"574","2010","Dippach","3796"
"575","2011","Schieren","3801.8460717121784"
"576","2011","Contern","3802.1219190167371"
"577","2013","Vichten","3804.72509031454"
"578","2015","Beckerich","3808.1958058345099"
"579","2014","Mertzig","3808.3464606090624"
"580","2020","Wincrange","3813.4920000000002"
"581","2012","Beckerich","3813.9009999999998"
"582","2010","Kopstal","3814.02"
"583","2015","Heffingen","3816.3446706684199"
"584","2012","Kaerjeng","3818.623"
"585","2014","Mersch","3823.1122189626549"
"586","2016","Stadtbredimus","3823.2281779567097"
"587","2019","Vianden","3824.864"
"588","2016","Beckerich","3824.9408648347139"
"589","2012","Nommern","3825.7950000000001"
"590","2018","Bech","3828.9369999999999"
"591","2015","Lintgen","3831.0408027543999"
"592","2013","Lenningen","3838.3800674428599"
"593","2020","Schengen","3840.6770000000001"
"594","2016","Parc Hosingen","3842.0352497958152"
"595","2015","Ell","3843.5687680984602"
"596","2014","Flaxweiler","3844.5100350058128"
"597","2020","Boulaide","3845.0650000000001"
"598","2012","Mondercange","3847.7910000000002"
"599","2012","Contern","3854.3690000000001"
"600","2013","Betzdorf","3858.9690043197002"
"601","2011","Dippach","3859.3893777865046"
"602","2016","Flaxweiler","3863.9488205989205"
"603","2014","Fischbach","3866.0569071259815"
"604","2015","Mertzig","3881.6918897667601"
"605","2016","Dalheim","3882.674545561079"
"606","2010","Mondorf-les-Bains","3884.07"
"607","2020","Beaufort","3886.183"
"608","2012","Kehlen","3887.9119999999998"
"609","2017","Lenningen","3888.423256"
"610","2018","Rosport-Mompach","3891.4180000000001"
"611","2013","Biwer","3891.4781768105399"
"612","2015","Flaxweiler","3893.28067432014"
"613","2016","Bourscheid","3894.2642048184839"
"614","2010","Reckange-sur-Mess","3894.83"
"615","2011","Kehlen","3896.1181003232673"
"616","2018","Saeul","3901.2179999999998"
"617","2019","Weiswampach","3903.223"
"618","2016","Schieren","3911.0948052234517"
"619","2014","Biwer","3916.8671059664225"
"620","2013","Echternach","3918.4153070837601"
"621","2012","Weiler-la-Tour","3920.884"
"622","2016","Ettelbruck","3921.5647506947066"
"623","2012","Echternach","3921.6860000000001"
"624","2013","Roeser","3923.4131387198099"
"625","2010","Steinsel","3923.54"
"626","2016","Ell","3923.5673512527842"
"627","2010","Schuttrange","3924.34"
"628","2018","Beaufort","3924.57"
"629","2016","Mertzig","3924.639774871242"
"630","2018","Diekirch","3930.1239999999998"
"631","2018","Préizerdaul","3932.2579999999998"
"632","2010","Luxembourg-Ville","3936.46"
"633","2014","Koerich","3938.7756460776527"
"634","2015","Hobscheid","3940.3834418199499"
"635","2015","Bourscheid","3941.2218574830699"
"636","2015","Moyenne nationale","3943"
"637","2014","Dippach","3944.8117514445307"
"638","2016","Waldbillig","3947.316820071715"
"639","2019","Beaufort","3948.4490000000001"
"640","2018","Differdange","3949.0459999999998"
"641","2015","Bettembourg","3957.3520828578098"
"642","2016","Dudelange","3967.3534280044723"
"643","2018","Redange-sur-Attert","3969.7629999999999"
"644","2015","Vichten","3973.50005475747"
"645","2019","Bettendorf","3974.4920000000002"
"646","2018","Ell","3976.1219999999998"
"647","2019","Ell","3981.587"
"648","2015","Echternach","3983.9949042419998"
"649","2014","Frisange","3984.6242965562087"
"650","2015","Mondercange","3987.0035056096299"
"651","2019","Troisvierges","3992.16"
"652","2019","Rosport-Mompach","3995.835"
"653","2016","Reckange-sur-Mess","3996.0431339884999"
"654","2016","Heffingen","3999.3102725444614"
"655","2017","Bous","4000.5458250000001"
"656","2018","Kayl","4002.0140000000001"
"657","2013","Kehlen","4004.9080839440098"
"658","2014","Echternach","4006.5022943940307"
"659","2017","Bettembourg","4008.8928409999999"
"660","2018","Esch-sur-Alzette","4009.08"
"661","2018","Mertzig","4015.1709999999998"
"662","2014","Betzdorf","4016.229243026371"
"663","2012","Dippach","4018.0970000000002"
"664","2015","Préizerdaul","4022.9188159641799"
"665","2017","Dudelange","4025.0723969999999"
"666","2018","Vallée de l'Ernz","4032.1210000000001"
"667","2016","Sanem","4033.3524119678832"
"668","2018","Frisange","4036.7730000000001"
"669","2012","Reckange-sur-Mess","4036.9349999999999"
"670","2011","Reckange-sur-Mess","4038.1005368959263"
"671","2012","Leudelange","4038.239"
"672","2017","Beckerich","4038.3903399999999"
"673","2013","Erpeldange","4042.54282892945"
"674","2017","Boevange-sur-Attert","4050.6131439999999"
"675","2019","Useldange","4053.2159999999999"
"676","2010","Contern","4053.23"
"677","2016","Hobscheid","4056.1005831860957"
"678","2014","Mondercange","4060.942889033051"
"679","2020","Weiswampach","4066.5889999999999"
"680","2020","Troisvierges","4066.665"
"681","2013","Dippach","4073.5972995929801"
"682","2015","Erpeldange","4076.44401018095"
"683","2011","Mondercange","4078.5885745223941"
"684","2017","Biwer","4081.174583"
"685","2018","Heffingen","4083.7930000000001"
"686","2017","Mondorf-les-Bains","4084.2110830000001"
"687","2012","Frisange","4089.835"
"688","2015","Reckange-sur-Mess","4092.95911473765"
"689","2017","Colmar-Berg","4094.4515780000002"
"690","2013","Garnich","4095.7176809759699"
"691","2011","Hesperange","4096.0128057722213"
"692","2019","Echternach","4100.9639999999999"
"693","2016","Mertert","4101.6785790797458"
"694","2016","Consdorf","4106.5626923612963"
"695","2017","Sanem","4107.8336060000001"
"696","2016","Steinfort","4108.1342257278466"
"697","2012","Hesperange","4109.2650000000003"
"698","2011","Sandweiler","4110.1160288676383"
"699","2013","Frisange","4111.2683500582998"
"700","2011","Mamer","4111.9127761273267"
"701","2015","Lenningen","4114.2676629009502"
"702","2016","Bettembourg","4115.3708702476624"
"703","2016","Erpeldange","4123.7316214755201"
"704","2016","Moyenne nationale","4124.1033796673646"
"705","2013","Kaerjeng","4127.6692976629902"
"706","2016","Garnich","4128.4971955878682"
"707","2019","Feulen","4128.616"
"708","2016","Lenningen","4129.8937757135991"
"709","2011","Kopstal","4133.4064242960421"
"710","2020","Esch-sur-Sûre","4136.2460000000001"
"711","2018","Biwer","4138.0200000000004"
"712","2019","Helperknapp","4139.8760000000002"
"713","2015","Waldbillig","4141.36007077672"
"714","2016","Boevange-sur-Attert","4141.6500736043536"
"715","2012","Junglinster","4148.46"
"716","2018","Schifflange","4150.1980000000003"
"717","2016","Vichten","4153.5145593380075"
"718","2014","Garnich","4154.5301239347928"
"719","2018","Waldbillig","4155.0379999999996"
"720","2012","Sandweiler","4156.8100000000004"
"721","2014","Kaerjeng","4161.9072373434137"
"722","2019","Biwer","4173.4279999999999"
"723","2018","Dudelange","4175.8940000000002"
"724","2019","Diekirch","4184.1540000000005"
"725","2016","Biwer","4189.0559580824174"
"726","2017","Mertert","4190.909259"
"727","2019","Petange","4190.9719999999998"
"728","2010","Niederanven","4191.26"
"729","2018","Feulen","4192.4930000000004"
"730","2011","Steinsel","4193.8848575270822"
"731","2012","Bech","4195.5940000000001"
"732","2019","Rumelange","4200.2169999999996"
"733","2015","Mersch","4207.28745441307"
"734","2018","Schengen","4208.9759999999997"
"735","2013","Sandweiler","4218.69624421348"
"736","2017","Vichten","4220.4477710000001"
"737","2019","Redange-sur-Attert","4222.8389999999999"
"738","2017","Ell","4226.9378310000002"
"739","2013","Weiler-la-Tour","4233.0007564253901"
"740","2013","Hesperange","4245.7662738516001"
"741","2014","Hesperange","4248.7315838000195"
"742","2017","Consdorf","4251.11942"
"743","2015","Frisange","4255.5701144288296"
"744","2019","Habscht","4261.2659999999996"
"745","2012","Bertrange","4265.93"
"746","2010","Bertrange","4266.46"
"747","2010","Walferdange","4269.67"
"748","2017","Moyenne nationale","4274.0394660000002"
"749","2018","Beckerich","4276.143"
"750","2017","Schieren","4278.0807670000004"
"751","2013","Contern","4280.1989640346201"
"752","2018","Habscht","4280.4160000000002"
"753","2018","Grevenmacher","4285.7579999999998"
"754","2017","Reisdorf","4287.0569429999996"
"755","2018","Sanem","4287.902"
"756","2014","Roeser","4288.6353017065039"
"757","2016","Manternach","4299.5427075841553"
"758","2014","Reckange-sur-Mess","4309.2082546915854"
"759","2017","Kaerjeng","4311.0921609999996"
"760","2015","Dippach","4312.49088441391"
"761","2015","Steinfort","4317.2597613016897"
"762","2014","Erpeldange","4319.1787124530383"
"763","2011","Schuttrange","4321.1621032152734"
"764","2015","Betzdorf","4325.1427267235103"
"765","2012","Steinsel","4328.4849999999997"
"766","2011","Walferdange","4328.9272024666116"
"767","2012","Niederanven","4333.9279999999999"
"768","2017","Steinfort","4336.2966260000003"
"769","2015","Garnich","4338.6970009330598"
"770","2016","Kaerjeng","4343.9794018248313"
"771","2014","Contern","4354.6467718937738"
"772","2019","Mertzig","4355.5450000000001"
"773","2020","Mertzig","4362.5320000000002"
"774","2017","Erpeldange","4366.6402390000003"
"775","2017","Septfontaines","4367.4498299999996"
"776","2011","Luxembourg-Ville","4371.0022026114748"
"777","2014","Kehlen","4375.7464534729243"
"778","2017","Frisange","4377.7947610000001"
"779","2017","Mondercange","4378.5409079999999"
"780","2015","Fischbach","4381.29628285729"
"781","2012","Walferdange","4381.5959999999995"
"782","2017","Waldbillig","4382.0638269999999"
"783","2019","Vallée de l'Ernz","4385.68"
"784","2012","Mamer","4387.8230000000003"
"785","2017","Stadtbredimus","4390.1262960000004"
"786","2018","Lenningen","4390.951"
"787","2019","Mondorf-les-Bains","4391.5479999999998"
"788","2015","Kaerjeng","4405.9087945249703"
"789","2019","Steinfort","4434.2089999999998"
"790","2011","Bertrange","4439.7051416447985"
"791","2017","Dalheim","4441.4034869999996"
"792","2017","Koerich","4441.661298"
"793","2019","Sanem","4446.38"
"794","2011","Niederanven","4449.6854621199745"
"795","2016","Frisange","4450.6014838519777"
"796","2018","Vichten","4452.3040000000001"
"797","2013","Steinsel","4458.6075236152401"
"798","2017","Reckange-sur-Mess","4471.5118320000001"
"799","2019","Differdange","4477.3559999999998"
"800","2013","Junglinster","4481.1975526284205"
"801","2019","Clervaux","4481.37"
"802","2020","Rosport-Mompach","4484.1549999999997"
"803","2017","Betzdorf","4489.1131150000001"
"804","2019","Schieren","4498.9229999999998"
"805","2015","Hesperange","4500.8391703034704"
"806","2016","Betzdorf","4506.8567255477546"
"807","2014","Weiler-la-Tour","4510.1737829965796"
"808","2016","Lorentzweiler","4510.7237836968097"
"809","2017","Lorentzweiler","4512.4818450000002"
"810","2018","Betzdorf","4513.6779999999999"
"811","2020","Vichten","4516.6540000000005"
"812","2019","Vichten","4517.0810000000001"
"813","2016","Lintgen","4521.5452075381127"
"814","2018","Dalheim","4530.6940000000004"
"815","2020","Redange-sur-Attert","4541.1279999999997"
"816","2012","Luxembourg","4546.8370000000004"
"817","2012","Kopstal","4547.3320000000003"
"818","2018","Helperknapp","4554.3649999999998"
"819","2018","Mertert","4555.3530000000001"
"820","2016","Mersch","4556.0794696011171"
"821","2015","Walferdange","4558.5073323262604"
"822","2018","Moyenne nationale","4562.2879999999996"
"823","2015","Tuntange","4562.9066291155304"
"824","2015","Roeser","4567.2496107057596"
"825","2017","Lintgen","4569.3523809999997"
"826","2019","Mertert","4572.0349999999999"
"827","2020","Kayl","4575.1959999999999"
"828","2014","Steinsel","4577.2175439012644"
"829","2014","Junglinster","4583.3290404614636"
"830","2017","Mersch","4590.0003889999998"
"831","2016","Fischbach","4591.9755115806602"
"832","2016","Roeser","4592.3937055162551"
"833","2018","Schieren","4599.6260000000002"
"834","2019","Remich","4608.4210000000003"
"835","2019","Kayl","4610.3999999999996"
"836","2010","Strassen","4614.8100000000004"
"837","2017","Ettelbruck","4617.228008"
"838","2018","Wormeldange","4617.8459999999995"
"839","2018","Bissen","4625.0309999999999"
"840","2015","Bissen","4636.5752562548196"
"841","2016","Kehlen","4638.2313463141527"
"842","2019","Esch-sur-Alzette","4641.8559999999998"
"843","2018","Bettembourg","4656.7439999999997"
"844","2020","Vallée de l'Ernz","4660.4380000000001"
"845","2013","Reckange-sur-Mess","4662.0695794307003"
"846","2016","Mondercange","4669.1901151546344"
"847","2019","Schifflange","4682.1930000000002"
"848","2015","Leudelange","4688.73296564866"
"849","2020","Parc Hosingen","4688.8069999999998"
"850","2013","Walferdange","4694.2063418052303"
"851","2015","Weiler-la-Tour","4703.8722625211103"
"852","2011","Strassen","4713.0007250356966"
"853","2017","Garnich","4713.9072919999999"
"854","2020","Larochette","4724.692"
"855","2017","Tuntange","4726.2191249999996"
"856","2019","Betzdorf","4753.826"
"857","2018","Erpeldange","4761.7110000000002"
"858","2017","Wormeldange","4764.8170289999998"
"859","2013","Schuttrange","4765.8642321748603"
"860","2013","Leudelange","4770.4229978442499"
"861","2018","Mondercange","4788.2250000000004"
"862","2019","Flaxweiler","4802.0309999999999"
"863","2015","Kehlen","4806.3312046005003"
"864","2018","Steinfort","4813.1549999999997"
"865","2016","Tuntange","4820.1155124588249"
"866","2012","Schuttrange","4836.1940000000004"
"867","2020","Rumelange","4837.6490000000003"
"868","2017","Manternach","4840.316041"
"869","2014","Mamer","4840.682279708627"
"870","2019","Frisange","4840.6890000000003"
"871","2015","Steinsel","4847.0233934014004"
"872","2020","Stadtbredimus","4850.4870000000001"
"873","2020","Petange","4850.4970000000003"
"874","2017","Kehlen","4860.0846170000004"
"875","2018","Flaxweiler","4860.41"
"876","2018","Ettelbruck","4863.777"
"877","2015","Lorentzweiler","4873.8226941627099"
"878","2016","Dippach","4878.2051857236711"
"879","2016","Bissen","4886.6947975571456"
"880","2012","Strassen","4887.7340000000004"
"881","2017","Bissen","4889.0945769999998"
"882","2019","Lenningen","4891.8869999999997"
"883","2014","Walferdange","4896.4224945079686"
"884","2013","Niederanven","4903.0689148301999"
"885","2016","Junglinster","4924.1518334883667"
"886","2016","Koerich","4939.4381365580321"
"887","2020","Mertert","4941.7629999999999"
"888","2017","Junglinster","4947.8819999999996"
"889","2014","Schuttrange","4949.7787870403909"
"890","2018","Manternach","4954.1869999999999"
"891","2015","Mamer","4955.6973028189404"
"892","2014","Niederanven","4958.9654754255143"
"893","2018","Koerich","4960.4949999999999"
"894","2013","Luxembourg","4968.4099025681799"
"895","2019","Dudelange","4976.0879999999997"
"896","2014","Bertrange","4979.7719524430413"
"897","2013","Bertrange","4984.5170372927196"
"898","2020","Feulen","4999.62"
"899","2015","Junglinster","5002.5117544475697"
"900","2017","Nommern","5011.4206750000003"
"901","2019","Beckerich","5020.3320000000003"
"902","2013","Mamer","5026.7598986891098"
"903","2016","Kopstal","5029.8185684625605"
"904","2020","Helperknapp","5031.1319999999996"
"905","2019","Bissen","5031.2449999999999"
"906","2017","Kopstal","5036.6566510000002"
"907","2014","Luxembourg","5037.2119235078071"
"908","2020","Habscht","5038.08"
"909","2019","Moyenne nationale","5038.6139999999996"
"910","2018","Kaerjeng","5040.7030000000004"
"911","2018","Dippach","5048.8559999999998"
"912","2014","Leudelange","5053.4534306935357"
"913","2020","Esch-sur-Alzette","5071.7250000000004"
"914","2018","Garnich","5072.1149999999998"
"915","2019","Bettembourg","5084.0010000000002"
"916","2013","Kopstal","5093.2397151750201"
"917","2020","Differdange","5100.9170000000004"
"918","2014","Kopstal","5106.79935622635"
"919","2015","Waldbredimus","5108.5155407395096"
"920","2019","Reckange-sur-Mess","5119.6819999999998"
"921","2016","Schuttrange","5124.453041391188"
"922","2020","Clervaux","5128.4160000000002"
"923","2019","Dalheim","5130.7740000000003"
"924","2018","Mersch","5133.5590000000002"
"925","2019","Waldbredimus","5145.2860000000001"
"926","2017","Dippach","5145.8025690000004"
"927","2016","Steinsel","5155.9054647193316"
"928","2019","Kaerjeng","5157.857"
"929","2017","Roeser","5163.6973239999998"
"930","2015","Schuttrange","5168.7676991472999"
"931","2020","Echternach","5171.3379999999997"
"932","2015","Kopstal","5180.0420861539396"
"933","2018","Junglinster","5199.902"
"934","2019","Ettelbruck","5207.2719999999999"
"935","2018","Reckange-sur-Mess","5245.4960000000001"
"936","2018","Kopstal","5247.93"
"937","2019","Koerich","5249.6040000000003"
"938","2018","Steinsel","5261.6610000000001"
"939","2018","Schuttrange","5264.1589999999997"
"940","2017","Waldbredimus","5276.0572080000002"
"941","2018","Mamer","5280.2030000000004"
"942","2015","Bertrange","5282.3725146572497"
"943","2019","Weiler-la-Tour","5296.5810000000001"
"944","2020","Waldbredimus","5301.5410000000002"
"945","2016","Waldbredimus","5304.8131595752957"
"946","2017","Steinsel","5316.5087590000003"
"947","2016","Sandweiler","5319.7441926010806"
"948","2019","Wormeldange","5336.4089999999997"
"949","2016","Niederanven","5336.8881072015756"
"950","2013","Strassen","5340.5694668242704"
"951","2020","Mondorf-les-Bains","5345"
"952","2020","Flaxweiler","5359.3789999999999"
"953","2020","Sanem","5368.4080000000004"
"954","2014","Strassen","5368.5550679130147"
"955","2019","Junglinster","5381.1419999999998"
"956","2017","Contern","5390.8950580000001"
"957","2016","Hesperange","5391.2476134256467"
"958","2018","Lorentzweiler","5409.3559999999998"
"959","2017","Niederanven","5422.2236560000001"
"960","2020","Dalheim","5426.8869999999997"
"961","2017","Schuttrange","5446.3711709999998"
"962","2020","Manternach","5459.2139999999999"
"963","2015","Niederanven","5466.7533671818101"
"964","2018","Roeser","5467.1660000000002"
"965","2019","Dippach","5505.6149999999998"
"966","2016","Mamer","5512.97674691056"
"967","2020","Colmar-Berg","5513.5640000000003"
"968","2017","Weiler-la-Tour","5519.5557920000001"
"969","2020","Garnich","5527.3729999999996"
"970","2019","Schuttrange","5533.8540000000003"
"971","2016","Contern","5536.750156156465"
"972","2017","Leudelange","5539.9414379999998"
"973","2015","Luxembourg","5561.1803211713705"
"974","2019","Mondercange","5572.701"
"975","2016","Walferdange","5583.0180663269093"
"976","2019","Garnich","5595.6049999999996"
"977","2019","Lintgen","5607.9170000000004"
"978","2019","Lorentzweiler","5649.6490000000003"
"979","2020","Grevenmacher","5657.125"
"980","2018","Kehlen","5657.9160000000002"
"981","2020","Dudelange","5660.4189999999999"
"982","2019","Mersch","5700.7240000000002"
"983","2020","Ettelbruck","5713.6850000000004"
"984","2016","Strassen","5716.9099490670233"
"985","2017","Mamer","5725.2896030000002"
"986","2020","Reckange-sur-Mess","5726.5060000000003"
"987","2017","Sandweiler","5733.2156320000004"
"988","2020","Lintgen","5748.1310000000003"
"989","2016","Weiler-la-Tour","5780.5114214421174"
"990","2019","Manternach","5782.5950000000003"
"991","2018","Walferdange","5783.9560000000001"
"992","2016","Bertrange","5796.93646122682"
"993","2020","Beckerich","5798.7550000000001"
"994","2017","Hesperange","5799.5979580000003"
"995","2020","Steinfort","5799.7709999999997"
"996","2018","Hesperange","5826.9250000000002"
"997","2015","Strassen","5832.2468037175504"
"998","2020","Wormeldange","5849.7449999999999"
"999","2018","Weiler-la-Tour","5871.2569999999996"
"1000","2019","Grevenmacher","5896.884"
"1001","2020","Bettembourg","5919.4129999999996"
"1002","2020","Kaerjeng","5925.4790000000003"
"1003","2019","Kehlen","5979.2359999999999"
"1004","2016","Luxembourg","6062.1025350004629"
"1005","2017","Walferdange","6079.7894630000001"
"1006","2019","Sandweiler","6091.4030000000002"
"1007","2020","Mondercange","6107.5609999999997"
"1008","2020","Mersch","6109.6760000000004"
"1009","2020","Koerich","6128.683"
"1010","2018","Leudelange","6180.8540000000003"
"1011","2019","Roeser","6184.34"
"1012","2020","Schifflange","6190.277"
"1013","2019","Contern","6265.0590000000002"
"1014","2018","Sandweiler","6294.9549999999999"
"1015","2019","Kopstal","6311.2169999999996"
"1016","2020","Frisange","6328.53"
"1017","2020","Moyenne nationale","6364.3609999999999"
"1018","2017","Strassen","6384.5198559999999"
"1019","2019","Mamer","6405.1940000000004"
"1020","2019","Hesperange","6407.0379999999996"
"1021","2018","Contern","6432.2139999999999"
"1022","2019","Steinsel","6490.6080000000002"
"1023","2020","Dippach","6492.973"
"1024","2020","Bettendorf","6533.5360000000001"
"1025","2020","Junglinster","6558.3990000000003"
"1026","2019","Leudelange","6565.02"
"1027","2020","Lorentzweiler","6574.75"
"1028","2017","Bertrange","6588.8936819999999"
"1029","2019","Walferdange","6636.7380000000003"
"1030","2018","Niederanven","6745.6809999999996"
"1031","2018","Strassen","6756.5290000000005"
"1032","2020","Roeser","6791.402"
"1033","2018","Bertrange","6822.143"
"1034","2017","Luxembourg","6824.5672009999998"
"1035","2020","Mamer","7030.8860000000004"
"1036","2019","Niederanven","7039.2380000000003"
"1037","2020","Contern","7150.9780000000001"
"1038","2020","Steinsel","7321.4960000000001"
"1039","2020","Leudelange","7363.5240000000003"
"1040","2019","Strassen","7424.2089999999998"
"1041","2018","Luxembourg","7440.5339999999997"
"1042","2020","Remich","7478.598"
"1043","2020","Kopstal","7569.6120000000001"
"1044","2019","Bertrange","7587.3239999999996"
"1045","2020","Hesperange","7686.3450000000003"
"1046","2019","Luxembourg","8078.1670000000004"
"1047","2020","Niederanven","8091.7120000000004"
"1048","2020","Kehlen","8310.2559999999994"
"1049","2020","Walferdange","8413.0390000000007"
"1050","2020","Strassen","8629.7780000000002"
"1051","2020","Schuttrange","8983.0750000000007"
"1052","2020","Bertrange","9078.7189999999991"
"1053","2020","Luxembourg","9527.8109999999997"
"1054","2010","Consthum",NA
"1055","2010","Esch-sur-Sûre",NA
"1056","2010","Heiderscheid",NA
"1057","2010","Hoscheid",NA
"1058","2010","Saeul",NA
"1059","2010",NA,NA
"1060","2010",NA,NA
"1061","2010","Total d'offres",NA
"1062","2010",NA,NA
"1063","2010","Source : Ministère du Logement - Observatoire de l'Habitat (base prix 2010).",NA
"1064","2011","Consthum",NA
"1065","2011","Esch-sur-Sûre",NA
"1066","2011","Putscheid",NA
"1067","2011","Saeul",NA
"1068","2011","Waldbredimus",NA
"1069","2011",NA,NA
"1070","2011",NA,NA
"1071","2011","Total d'offres",NA
"1072","2011",NA,NA
"1073","2011","Source : Ministère du Logement - Observatoire de l'Habitat (base prix 2011).",NA
"1074","2012","Fischbach",NA
"1075","2012","Putscheid",NA
"1076","2012","Saeul",NA
"1077","2012","Septfontaines",NA
"1078","2012","Waldbredimus",NA
"1079","2012",NA,NA
"1080","2012",NA,NA
"1081","2012","Total d'offres",NA
"1082","2012",NA,NA
"1083","2012","Source : Ministère du Logement - Observatoire de l'Habitat (base prix 2012).",NA
"1084","2013","Bech",NA
"1085","2013","Colmar-Berg",NA
"1086","2013","Préizerdaul",NA
"1087","2013","Reisdorf",NA
"1088","2013","Saeul",NA
"1089","2013","Septfontaines",NA
"1090","2013","Wahl",NA
"1091","2013",NA,NA
"1092","2013",NA,NA
"1093","2013","Total d'offres",NA
"1094","2013",NA,NA
"1095","2013","Source : Ministère du Logement - Observatoire de l'Habitat (base prix 2013).",NA
"1096","2014","Bech",NA
"1097","2014","Berdorf",NA
"1098","2014","Bourscheid",NA
"1099","2014","Bous",NA
"1100","2014","Lenningen",NA
"1101","2014","Lintgen",NA
"1102","2014","Préizerdaul",NA
"1103","2014","Putscheid",NA
"1104","2014","Reisdorf",NA
"1105","2014","Sandweiler",NA
"1106","2014","Septfontaines",NA
"1107","2014","Wahl",NA
"1108","2014",NA,NA
"1109","2014",NA,NA
"1110","2014","Total d'offres",NA
"1111","2014",NA,NA
"1112","2014","Source : Ministère du Logement - Observatoire de l'Habitat (base prix 2014).",NA
"1113","2015","Bech",NA
"1114","2015","Bous",NA
"1115","2015","Colmar-Berg",NA
"1116","2015","Contern",NA
"1117","2015","Feulen",NA
"1118","2015","Mompach",NA
"1119","2015","Nommern",NA
"1120","2015","Putscheid",NA
"1121","2015","Sandweiler",NA
"1122","2015","Schieren",NA
"1123","2015","Tandel",NA
"1124","2015","Weiswampach",NA
"1125","2015","Winseler",NA
"1126","2015",NA,NA
"1127","2015",NA,NA
"1128","2015","Total d'offres",NA
"1129","2015",NA,NA
"1130","2015","Source : Ministère du Logement - Observatoire de l'Habitat (base prix 2015).",NA
"1131","2016","Bech",NA
"1132","2016","Bous",NA
"1133","2016","Colmar-Berg",NA
"1134","2016","Grosbous",NA
"1135","2016","Larochette",NA
"1136","2016","Leudelange",NA
"1137","2016","Mompach",NA
"1138","2016","Nommern",NA
"1139","2016","Préizerdaul",NA
"1140","2016","Putscheid",NA
"1141","2016","Reisdorf",NA
"1142","2016","Septfontaines",NA
"1143","2016","Tandel",NA
"1144","2016","Winseler",NA
"1145","2016",NA,NA
"1146","2016",NA,NA
"1147","2016","Total d'offres",NA
"1148","2016",NA,NA
"1149","2016","Source : Ministère du Logement - Observatoire de l'Habitat (base prix 2016).",NA
"1150","2017","Bech",NA
"1151","2017","Fischbach",NA
"1152","2017","Mompach",NA
"1153","2017","Putscheid",NA
"1154","2017","Tandel",NA
"1155","2017","Winseler",NA
"1156","2017",NA,NA
"1157","2017",NA,NA
"1158","2017","Total d'offres",NA
"1159","2017",NA,NA
"1160","2017","Source : Ministère du Logement - Observatoire de l'Habitat (base prix 2017).",NA
"1161","2018","Bous",NA
"1162","2018","Colmar-Berg",NA
"1163","2018","Consdorf",NA
"1164","2018","Fischbach",NA
"1165","2018","Kiischpelt",NA
"1166","2018","Larochette",NA
"1167","2018","Lintgen",NA
"1168","2018","Nommern",NA
"1169","2018","Putscheid",NA
"1170","2018","Tandel",NA
"1171","2018","Wahl",NA
"1172","2018","Waldbredimus",NA
"1173","2018","Winseler",NA
"1174","2018",NA,NA
"1175","2018",NA,NA
"1176","2018","Total d'offres",NA
"1177","2018",NA,NA
"1178","2018","Source : Ministère du Logement - Observatoire de l'Habitat (base prix 2018).",NA
"1179","2019","Bech",NA
"1180","2019","Bourscheid",NA
"1181","2019","Bous",NA
"1182","2019","Colmar-Berg",NA
"1183","2019","Consdorf",NA
"1184","2019","Erpeldange",NA
"1185","2019","Fischbach",NA
"1186","2019","Grosbous",NA
"1187","2019","Heffingen",NA
"1188","2019","Larochette",NA
"1189","2019","Nommern",NA
"1190","2019","Putscheid",NA
"1191","2019","Reisdorf",NA
"1192","2019","Saeul",NA
"1193","2019","Tandel",NA
"1194","2019","Wahl",NA
"1195","2019","Waldbillig",NA
"1196","2019","Winseler",NA
"1197","2019",NA,NA
"1198","2019",NA,NA
"1199","2019","Total d'offres",NA
"1200","2019",NA,NA
"1201","2019","Source : Ministère du Logement - Observatoire de l'Habitat (base prix annoncés 2019).",NA
"1202","2020","Bech",NA
"1203","2020","Berdorf",NA
"1204","2020","Betzdorf",NA
"1205","2020","Bissen",NA
"1206","2020","Biwer",NA
"1207","2020","Bourscheid",NA
"1208","2020","Bous",NA
"1209","2020","Consdorf",NA
"1210","2020","Diekirch",NA
"1211","2020","Ell",NA
"1212","2020","Erpeldange",NA
"1213","2020","Fischbach",NA
"1214","2020","Goesdorf",NA
"1215","2020","Grosbous",NA
"1216","2020","Heffingen",NA
"1217","2020","Kiischpelt",NA
"1218","2020","Lenningen",NA
"1219","2020","Nommern",NA
"1220","2020","Préizerdaul",NA
"1221","2020","Putscheid",NA
"1222","2020","Reisdorf",NA
"1223","2020","Saeul",NA
"1224","2020","Sandweiler",NA
"1225","2020","Schieren",NA
"1226","2020","Tandel",NA
"1227","2020","Useldange",NA
"1228","2020","Vianden",NA
"1229","2020","Wahl",NA
"1230","2020","Waldbillig",NA
"1231","2020","Weiler-la-Tour",NA
"1232","2020","Winseler",NA
"1233","2020",NA,NA
"1234","2020",NA,NA
"1235","2020","Total d'offres",NA
"1236","2020",NA,NA
"1237","2020","Source : Ministère du Logement - Observatoire de l'Habitat (base prix annoncés 2020).",NA
"1238","2021",NA,NA
"1239","2021",NA,NA
"1240","2021",NA,NA
"1241","2021",NA,NA
"1242","2021",NA,NA
"1243","2021",NA,NA
"1244","2021",NA,NA
"1245","2021",NA,NA
"1246","2021",NA,NA
"1247","2021",NA,NA
"1248","2021",NA,NA
"1249","2021",NA,NA
"1250","2021",NA,NA
"1251","2021",NA,NA
"1252","2021",NA,NA
"1253","2021",NA,NA
"1254","2021",NA,NA
"1255","2021",NA,NA
"1256","2021",NA,NA
"1257","2021",NA,NA
"1258","2021",NA,NA
"1259","2021",NA,NA
"1260","2021",NA,NA
"1261","2021",NA,NA
"1262","2021",NA,NA
"1263","2021",NA,NA
"1264","2021",NA,NA
"1265","2021",NA,NA
"1266","2021",NA,NA
"1267","2021",NA,NA
"1268","2021",NA,NA
"1269","2021",NA,NA
"1270","2021",NA,NA
"1271","2021",NA,NA
"1272","2021",NA,NA
"1273","2021",NA,NA
"1274","2021",NA,NA
"1275","2021",NA,NA
"1276","2021",NA,NA
"1277","2021",NA,NA
"1278","2021",NA,NA
"1279","2021",NA,NA
"1280","2021",NA,NA
"1281","2021",NA,NA
"1282","2021",NA,NA
"1283","2021",NA,NA
"1284","2021",NA,NA
"1285","2021",NA,NA
"1286","2021",NA,NA
"1287","2021",NA,NA
"1288","2021",NA,NA
"1289","2021",NA,NA
"1290","2021",NA,NA
"1291","2021",NA,NA
"1292","2021",NA,NA
"1293","2021",NA,NA
"1294","2021",NA,NA
"1295","2021",NA,NA
"1296","2021",NA,NA
"1297","2021",NA,NA
"1298","2021",NA,NA
"1299","2021",NA,NA
"1300","2021",NA,NA
"1301","2021",NA,NA
"1302","2021",NA,NA
"1303","2021",NA,NA
"1304","2021",NA,NA
"1305","2021",NA,NA
"1306","2021",NA,NA
"1307","2021",NA,NA
"1308","2021",NA,NA
"1309","2021",NA,NA
"1310","2021",NA,NA
"1311","2021",NA,NA
"1312","2021",NA,NA
"1313","2021",NA,NA
"1314","2021",NA,NA
"1315","2021",NA,NA
"1316","2021",NA,NA
"1317","2021",NA,NA
"1318","2021",NA,NA
"1319","2021",NA,NA
"1320","2021",NA,NA
"1321","2021",NA,NA
"1322","2021",NA,NA
"1323","2021",NA,NA
"1324","2021",NA,NA
"1325","2021",NA,NA
"1326","2021",NA,NA
"1327","2021",NA,NA
"1328","2021",NA,NA
"1329","2021",NA,NA
"1330","2021",NA,NA
"1331","2021",NA,NA
"1332","2021",NA,NA
"1333","2021",NA,NA
"1334","2021",NA,NA
"1335","2021",NA,NA
"1336","2021",NA,NA
"1337","2021",NA,NA
"1338","2021",NA,NA
"1339","2021",NA,NA
"1340","2021",NA,NA
"1341","2021",NA,NA
"1342","2021",NA,NA
"1343","2021",NA,NA
